Customer,Latitude,Longitude,Peak,Sales,Payment,Distance
0,13.022847,80.186476,Dummy,200000,Store,0
1,13.02836658,80.19484777,Non-Peak,74011,Card,1.09552253
2,13.03806327,80.17170912,Non-Peak,7700,Cash,2.32940638
3,13.03670408,80.18532555,Non-Peak,14418,Card,1.546491144
4,13.01494278,80.20066391,Non-Peak,53300,Cash,1.77129788
5,13.03791343,80.17732272,Peak,2034,Cash,1.947543927
6,13.03191134,80.1929973,Peak,114689,Card,1.231333223
7,13.02769733,80.20595125,Non-Peak,28900,Cash,2.178507692
8,13.03237436,80.19120845,Non-Peak,32371,Card,1.177395855
9,13.04217629,80.18416769,Non-Peak,18559,Cash,2.164687003
10,13.0117503,80.20187494,Peak,67720,Cash,2.07581662
11,13.03548392,80.18709808,Non-Peak,42824,Card,1.407342662
12,13.03861251,80.19097898,Non-Peak,68764,Card,1.820380486
13,13.01506379,80.18951989,Non-Peak,15925,Cash,0.926520768
14,13.03700001,80.19416395,Non-Peak,63782,Card,1.781243895
15,13.04085995,80.19021308,Peak,24205,Card,2.044273821
16,13.04292599,80.18013148,Non-Peak,44925,Cash,2.337013348
17,13.0107519,80.19871345,Non-Peak,825,Cash,1.889252327
18,13.02702964,80.19311699,Non-Peak,40825,Card,0.857017113
19,13.04232017,80.17463154,Non-Peak,3651,Card,2.517941034
20,13.03766061,80.18187132,Non-Peak,81760,Cash,1.721763962
21,13.02530454,80.20024105,Non-Peak,32604,Card,1.516639881
22,13.0461141,80.17004936,Non-Peak,27446,Card,3.14132646
23,13.0188597,80.18856449,Peak,17467,Cash,0.497960815
24,13.01290627,80.19679309,Non-Peak,3289,Card,1.572597551
25,13.02681515,80.2009981,Non-Peak,104947,Card,1.63456974
26,13.04682565,80.17353785,Non-Peak,42187,Cash,3.013444291
27,13.02958891,80.17381344,Peak,91399,Cash,1.563863125
28,13.01582421,80.20786701,Non-Peak,128511,Card,2.446398366
29,13.03902457,80.18822897,Peak,71418,Card,1.809587326
30,13.03524532,80.18108679,Peak,45214,Card,1.497753005
31,13.04853444,80.17419691,Non-Peak,40493,Cash,3.152116527
32,13.02954956,80.17347882,Non-Peak,13506,Cash,1.593727801
33,13.02692978,80.17342489,Peak,13824,Card,1.485547449
34,13.0343805,80.18680616,Non-Peak,146946,Cash,1.28348172
35,13.03042021,80.18599168,Non-Peak,11185,Card,0.844075017
36,13.01755263,80.19169535,Non-Peak,50239,Card,0.816594394
37,13.02374082,80.19289894,Non-Peak,5671,Cash,0.703158635
38,13.03144734,80.17690861,Non-Peak,5502,Card,1.410798771
39,13.00975132,80.18896007,Non-Peak,27272,Cash,1.481427638
40,13.0390183,80.18583208,Non-Peak,62975,Card,1.800243305
41,13.04861022,80.16971332,Non-Peak,112284,Card,3.393127462
42,13.02359402,80.19630732,Non-Peak,954,Card,1.068716393
43,13.03218268,80.1735817,Non-Peak,106214,Cash,1.74104415
44,13.01390674,80.18953349,Non-Peak,125824,Card,1.048263619
45,13.03523423,80.1725558,Peak,77608,Cash,2.043176846
46,13.03400015,80.17631016,Non-Peak,10713,Card,1.659228058
47,13.01371845,80.19629494,Non-Peak,18734,Cash,1.470914749
48,13.03091158,80.19724282,Peak,36412,Card,1.471845274
49,13.03211924,80.18951729,Non-Peak,19218,Card,1.082822814
50,13.04232886,80.18036138,Peak,23293,Card,2.266202802
51,13.01868641,80.19554288,Peak,26970,Cash,1.086182809
52,13.01837405,80.19045981,Peak,748,Card,0.658777282
53,13.03929527,80.18973249,Non-Peak,36522,Card,1.863424834
55,13.04632052,80.16935181,Peak,12417,Cash,3.203463028
56,13.02985723,80.19086342,Non-Peak,162,Cash,0.913345136
57,13.03251225,80.1921446,Non-Peak,13325,Card,1.23829281
58,13.02425764,80.1963967,Non-Peak,23227,Cash,1.086556792
59,13.02372199,80.19766524,Peak,58724,Cash,1.216546683
60,13.03415461,80.17396893,Non-Peak,1048,Card,1.849166076
61,13.0227132,80.18356377,Non-Peak,22370,Card,0.315967655
62,13.01965026,80.18973846,Peak,10055,Cash,0.5014681
63,13.02050672,80.20432219,Non-Peak,70060,Cash,1.951555547
64,13.03604049,80.16951541,Peak,15041,Cash,2.352125712
65,13.04500113,80.17278761,Non-Peak,29365,Card,2.876443273
66,13.03015977,80.16822575,Peak,761,Cash,2.138618181
67,13.03732127,80.17726045,Non-Peak,124565,Card,1.894703888
68,13.03136509,80.19391719,Non-Peak,109329,Card,1.244261931
69,13.01645684,80.19686103,Non-Peak,83205,Card,1.331186098
70,13.02870627,80.2019192,Non-Peak,38367,Cash,1.796093358
71,13.02932197,80.17524691,Peak,63909,Card,1.414130665
72,13.02532851,80.19834224,Non-Peak,102,Cash,1.315305769
73,13.02090342,80.19670816,Non-Peak,11690,Cash,1.129807927
74,13.02993506,80.16993481,Peak,50331,Cash,1.958386327
75,13.03337339,80.19831215,Peak,82287,Cash,1.736815708
76,13.02486092,80.19302432,Peak,51592,Cash,0.744200394
77,13.02252921,80.1676323,Peak,980,Cash,2.042518416
78,13.03123368,80.18021993,Non-Peak,41675,Card,1.153275039
79,13.03454522,80.17255657,Peak,24776,Card,1.99222835
80,13.02414819,80.17936654,Non-Peak,1360,Cash,0.783973003
81,13.039722,80.19316024,Non-Peak,511,Card,2.012089687
82,13.01877402,80.19208212,Non-Peak,29704,Cash,0.757909661
83,13.03632723,80.17929004,Non-Peak,17142,Cash,1.689700407
84,13.03125878,80.19243272,Peak,12441,Cash,1.13680347
85,13.02159205,80.20332494,Non-Peak,12344,Card,1.831359465
86,13.01774546,80.19696384,Non-Peak,73819,Cash,1.270437649
87,13.04317814,80.18003353,Peak,9740,Card,2.3669447
88,13.03800117,80.18209149,Non-Peak,51937,Card,1.751432523
89,13.03014294,80.17561788,Peak,1383,Card,1.429483244
90,13.02079003,80.20004189,Non-Peak,50379,Cash,1.487926801
91,13.03799028,80.18638142,Peak,4425,Card,1.684564843
92,13.03096622,80.19331818,Non-Peak,13519,Cash,1.168581371
93,13.01877954,80.20380525,Non-Peak,4179,Card,1.931830094
94,13.02616187,80.16873888,Non-Peak,4597,Card,1.957319475
95,13.01304059,80.19573734,Non-Peak,10624,Card,1.482381066
96,13.02103239,80.19408937,Peak,24105,Cash,0.849444641
97,13.01914828,80.20606555,Non-Peak,45190,Cash,2.162560574
98,13.02025722,80.19705312,Non-Peak,19667,Cash,1.181961491
99,13.02906687,80.19662005,Peak,57919,Cash,1.298967103
100,13.03513176,80.1940639,Non-Peak,17881,Card,1.59489515
101,13.01512662,80.19590003,Non-Peak,41935,Card,1.33444026
102,13.02146053,80.20125314,Non-Peak,79432,Card,1.60890614
103,13.03428988,80.16961183,Peak,12018,Cash,2.227224495
104,13.03517578,80.18903489,Non-Peak,7362,Card,1.39920628
105,13.03943274,80.1963425,Non-Peak,92932,Cash,2.132442861
106,13.02827297,80.16854042,Non-Peak,20151,Card,2.035327712
107,13.0374244,80.17514866,Non-Peak,62330,Card,2.033836359
108,13.02135875,80.19769245,Non-Peak,55683,Card,1.22682289
109,13.03621517,80.17473774,Non-Peak,44305,Cash,1.956951026
110,13.02898829,80.1690343,Peak,116537,Card,2.009906384
111,13.03069512,80.17084374,Non-Peak,112497,Cash,1.9058539
112,13.0116002,80.19738646,Non-Peak,77999,Cash,1.721465943
113,13.03818284,80.1736541,Non-Peak,29758,Card,2.200254793
114,13.02828604,80.17608613,Peak,13845,Cash,1.278262155
115,13.02493103,80.17324592,Peak,57239,Card,1.452442064
116,13.01881583,80.19395931,Peak,114424,Card,0.926736158
117,13.01917663,80.19765259,Non-Peak,30580,Card,1.278247713
118,13.04262439,80.18143033,Non-Peak,8572,Card,2.266966048
119,13.03058828,80.16962651,Non-Peak,14347,Cash,2.018921391
120,13.0213973,80.19764447,Peak,18905,Card,1.22109692
121,13.03044244,80.19880829,Non-Peak,10570,Card,1.581181074
122,13.02319349,80.18952001,Non-Peak,1838,Card,0.332142385
123,13.0449078,80.18109629,Non-Peak,3217,Card,2.52233861
124,13.03885007,80.18926309,Peak,21212,Card,1.805618783
125,13.03359407,80.19087643,Peak,8303,Card,1.287108354
126,13.02601088,80.19000194,Peak,20520,Card,0.51950784
127,13.02115688,80.1958524,Peak,35723,Card,1.033429126
128,13.02574746,80.19256194,Non-Peak,113519,Cash,0.734255111
129,13.03086992,80.19376778,Peak,45309,Cash,1.192049668
130,13.04524213,80.17394867,Non-Peak,1414,Card,2.837129388
131,13.01938474,80.18941096,Non-Peak,10926,Card,0.499509557
132,13.02846533,80.19702084,Non-Peak,36148,Card,1.302531832
133,13.04573265,80.17069842,Peak,41856,Card,3.06669243
134,13.03574535,80.1781615,Non-Peak,5566,Cash,1.694285981
135,13.01074461,80.20413259,Peak,95348,Card,2.339724297
136,13.02838834,80.16912829,Non-Peak,8234,Card,1.978533841
137,13.03867089,80.19244078,Non-Peak,5325,Cash,1.875185309
138,13.02187898,80.19431835,Non-Peak,47024,Card,0.856721114
139,13.02312363,80.17679565,Non-Peak,42599,Cash,1.04957148
140,13.03110665,80.19036902,Non-Peak,21155,Card,1.011038153
141,13.03567155,80.19261111,Non-Peak,787,Card,1.573929612
142,13.02563238,80.1783223,Peak,127265,Card,0.936410365
143,13.02283896,80.17080296,Peak,10290,Cash,1.698586914
144,13.02710555,80.17825402,Non-Peak,46576,Card,1.00915759
145,13.0128307,80.19437695,Non-Peak,30209,Card,1.405241
146,13.01953669,80.18853442,Non-Peak,60974,Card,0.430541806
147,13.03394475,80.18479838,Non-Peak,47401,Card,1.247826255
148,13.04495038,80.17090226,Non-Peak,12441,Cash,2.982291541
149,13.02122458,80.18857324,Peak,117013,Cash,0.290230504
150,13.03782948,80.19276545,Non-Peak,35780,Card,1.800638201
151,13.02417096,80.18966993,Peak,107159,Card,0.376174419
152,13.03690266,80.17081622,Non-Peak,106351,Card,2.307559922
153,13.02571098,80.16958389,Non-Peak,7972,Cash,1.858208934
154,13.02021946,80.19935742,Non-Peak,59157,Cash,1.426317978
155,13.01349733,80.19412141,Non-Peak,39123,Cash,1.329769252
156,13.02069441,80.19250346,Peak,58856,Cash,0.695741586
157,13.01644716,80.19068739,Peak,11488,Card,0.845662277
158,13.03353865,80.19577196,Non-Peak,33147,Card,1.558671079
159,13.02370367,80.18944958,Peak,38651,Cash,0.336059661
160,13.02927694,80.19469428,Peak,95322,Card,1.142309289
161,13.03059945,80.18803837,Non-Peak,91814,Cash,0.878845319
162,13.03680783,80.16955091,Non-Peak,115568,Card,2.403371427
163,13.03851779,80.17361523,Non-Peak,46975,Cash,2.231895641
164,13.02749837,80.17386076,Peak,11464,Card,1.46181503
165,13.01780008,80.19507151,Non-Peak,118637,Card,1.087654722
166,13.04072591,80.1984854,Peak,114166,Card,2.376840736
167,13.01905239,80.19032619,Non-Peak,37483,Cash,0.593543905
168,13.0405775,80.17354337,Non-Peak,56497,Card,2.419591456
169,13.03126241,80.17242283,Non-Peak,20951,Card,1.787702308
170,13.03522593,80.1770056,Non-Peak,12877,Card,1.717435246
171,13.03052718,80.17232061,Non-Peak,5770,Cash,1.755937498
172,13.03503423,80.17646873,Peak,6256,Cash,1.736123768
173,13.02923181,80.18075526,Peak,609,Card,0.942776794
174,13.01668773,80.20397726,Non-Peak,9786,Card,2.016701071
175,13.03625881,80.19373786,Non-Peak,21,Card,1.686771702
176,13.03736058,80.19545837,Non-Peak,69623,Card,1.885249523
177,13.01984493,80.19367748,Non-Peak,2697,Card,0.848918712
178,13.01788306,80.19741352,Non-Peak,11502,Card,1.307683788
179,13.0198188,80.19203902,Non-Peak,17329,Cash,0.690626161
180,13.02351235,80.1751997,Non-Peak,9501,Cash,1.22432163
181,13.02350442,80.19349472,Peak,42161,Card,0.764169532
182,13.0249138,80.16980032,Non-Peak,22031,Card,1.821806995
183,13.02586771,80.17381711,Non-Peak,61633,Card,1.412467398
184,13.02222718,80.18916603,Non-Peak,5407,Cash,0.299578242
185,13.0367309,80.19150441,Non-Peak,47995,Card,1.637761369
186,13.02934555,80.19619419,Non-Peak,15603,Card,1.2774297
187,13.03507838,80.19545286,Peak,1615,Card,1.672638591
188,13.03739147,80.19359959,Peak,16867,Card,1.792669916
189,13.03306405,80.19496453,Non-Peak,12736,Card,1.462193573
190,13.02577937,80.1980422,Non-Peak,11243,Cash,1.295242591
191,13.03470084,80.18189936,Non-Peak,78219,Card,1.408813521
192,13.01611143,80.19865007,Non-Peak,42755,Cash,1.517303003
193,13.01932096,80.19740453,Non-Peak,865,Cash,1.247660999
194,13.03503668,80.1737452,Peak,47819,Card,1.934476096
195,13.04804522,80.17764719,Non-Peak,68469,Card,2.961837709
196,13.02164473,80.18990738,Non-Peak,5827,Cash,0.395198837
197,13.0416458,80.19771118,Non-Peak,65866,Card,2.419815496
198,13.03994717,80.172366,Non-Peak,25666,Card,2.440633545
199,13.02932911,80.18324773,Non-Peak,97846,Card,0.801463237
200,13.04611887,80.1764983,Peak,1630,Cash,2.805504425
201,13.02662899,80.19248632,Non-Peak,3867,Card,0.775422142
202,13.04148784,80.18673925,Non-Peak,35482,Cash,2.073797368
203,13.02277092,80.17245886,Non-Peak,10594,Cash,1.519150084
204,13.02441047,80.1999941,Peak,34373,Cash,1.475324736
205,13.01318169,80.19671437,Non-Peak,17541,Card,1.545068152
206,13.02625,80.17972432,Non-Peak,11584,Card,0.823838149
207,13.03718829,80.17362393,Non-Peak,2377,Card,2.117780654
208,13.05226772,80.17256431,Peak,1585,Cash,3.603302037
209,13.03370368,80.16880128,Non-Peak,37790,Cash,2.264417178
210,13.00978083,80.18863155,Non-Peak,1884,Cash,1.472131459
211,13.01885967,80.19225166,Non-Peak,64313,Cash,0.767169664
212,13.04797944,80.17024142,Non-Peak,25856,Cash,3.303241745
213,13.02920356,80.17158893,Non-Peak,1700,Card,1.761534907
214,13.01189937,80.19287664,Peak,11619,Cash,1.401525482
215,13.02001826,80.19136712,Peak,4032,Cash,0.616446122
216,13.01191385,80.19507626,Peak,87498,Cash,1.532294253
217,13.03653796,80.17521494,Peak,671,Card,1.951623686
218,13.04871666,80.1790806,Peak,109462,Card,2.987249415
219,13.03836514,80.17131668,Non-Peak,3668,Card,2.383037843
220,13.03077285,80.16988337,Non-Peak,4923,Card,2.002731684
221,13.02305368,80.19710998,Peak,15858,Cash,1.152700615
222,13.03721,80.20424162,Peak,60531,Cash,2.501920096
223,13.02814412,80.19801817,Non-Peak,36943,Card,1.382724866
224,13.03569493,80.17968768,Peak,5085,Card,1.607429037
225,13.01950246,80.19061074,Non-Peak,20278,Cash,0.582427139
226,13.03516031,80.19153165,Peak,19134,Card,1.475245818
227,13.02741332,80.19169931,Non-Peak,6201,Card,0.760567921
228,13.0300361,80.19635253,Non-Peak,5275,Cash,1.336123437
229,13.03569568,80.17260904,Non-Peak,46864,Card,2.073955625
230,13.02873305,80.17153345,Non-Peak,16721,Card,1.746759474
231,13.01504131,80.19699312,Non-Peak,25965,Cash,1.432881711
232,13.0256068,80.20023361,Peak,50658,Cash,1.522268989
233,13.01784344,80.19063931,Non-Peak,81106,Cash,0.716510137
234,13.03568149,80.18814316,Peak,28130,Card,1.439091458
235,13.0459292,80.17829664,Non-Peak,33603,Card,2.716353999
236,13.03868298,80.17952609,Non-Peak,67963,Card,1.915849632
237,13.009733,80.188404,Non-Peak,4025,Cash,1.473686364
238,13.02411463,80.1743332,Peak,8101,Cash,1.323522031
239,13.03073708,80.18956824,Non-Peak,31761,Card,0.939492066
240,13.02420628,80.19202706,Non-Peak,90516,Cash,0.620312868
241,13.021901,80.19602773,Non-Peak,5742,Card,1.040518508
242,13.01151033,80.19243906,Peak,20679,Cash,1.41704128
243,13.03527301,80.19392531,Non-Peak,9,Card,1.600751361
244,13.02454692,80.19238857,Non-Peak,37586,Cash,0.668100203
245,13.02724275,80.17258279,Peak,53431,Cash,1.583092225
246,13.02620776,80.19839176,Non-Peak,35504,Cash,1.344403194
247,13.02528657,80.19318584,Non-Peak,58166,Cash,0.776171673
248,13.022083,80.167308,Peak,90563,Cash,2.079098548
249,13.02371211,80.20634724,Non-Peak,469,Cash,2.155717523
250,13.02356489,80.19648007,Non-Peak,72402,Cash,1.087139901
251,13.03497703,80.17499601,Non-Peak,111156,Card,1.835368262
252,13.01323429,80.19263254,Non-Peak,107371,Card,1.26041196
253,13.03701311,80.19494179,Non-Peak,83991,Cash,1.823456489
254,13.03196788,80.18642483,Peak,25101,Card,1.014618951
255,13.028763,80.185746,Peak,14797,Card,0.662832296
256,13.0251913,80.20030479,Non-Peak,644,Card,1.521225475
257,13.03721091,80.18147723,Peak,7802,Card,1.687174167
258,13.01075317,80.20146407,Non-Peak,114936,Cash,2.109150993
259,13.04367811,80.17132663,Non-Peak,8251,Card,2.839897647
260,13.01739655,80.18949771,Non-Peak,12841,Card,0.689096577
261,13.04649195,80.17866293,Non-Peak,679,Card,2.763181269
262,13.03274086,80.17803176,Non-Peak,48317,Card,1.431354131
263,13.02903032,80.20133794,Non-Peak,28841,Card,1.751383598
264,13.0267969,80.19760622,Non-Peak,43542,Card,1.283776269
265,13.04385387,80.17615664,Non-Peak,22472,Card,2.59061343
266,13.04000375,80.1876447,Non-Peak,34023,Card,1.912709427
267,13.03728388,80.19558722,Peak,47948,Cash,1.885224181
268,13.02423156,80.20231045,Peak,23187,Cash,1.722972585
269,13.02005751,80.18998332,Non-Peak,5148,Cash,0.490686187
270,13.02388354,80.19581123,Non-Peak,22391,Cash,1.018265277
271,13.04363091,80.17487884,Non-Peak,1504,Card,2.631517056
272,13.02099462,80.18869942,Non-Peak,5861,Cash,0.317056886
273,13.0326737,80.19837529,Non-Peak,48476,Cash,1.690536894
274,13.02432095,80.18662268,Peak,67507,Cash,0.164730539
275,13.02512022,80.17038135,Non-Peak,59458,Cash,1.762505706
276,13.03424746,80.19701688,Non-Peak,71181,Cash,1.706829202
277,13.00979968,80.1894074,Non-Peak,37818,Card,1.485744991
278,13.03438885,80.20175967,Non-Peak,96957,Cash,2.095691553
279,13.04136019,80.17911581,Peak,7749,Card,2.208475613
280,13.04054496,80.19122794,Non-Peak,60556,Card,2.034955612
281,13.04088444,80.17534779,Peak,16931,Card,2.341019406
282,13.03859891,80.19029081,Non-Peak,8586,Card,1.800348263
283,13.02362412,80.20151129,Non-Peak,37426,Cash,1.631758558
284,13.04646941,80.19129813,Peak,52477,Cash,2.679208191
285,13.04357758,80.17054836,Non-Peak,3190,Card,2.88051599
286,13.03624559,80.17211645,Peak,24584,Cash,2.15480703
287,13.04134457,80.17468317,Non-Peak,861,Card,2.42225207
288,13.03418957,80.18934543,Non-Peak,9223,Card,1.299500177
289,13.04110442,80.17574445,Non-Peak,12668,Cash,2.340370192
290,13.0214391,80.18936411,Non-Peak,96067,Cash,0.349999074
291,13.02600369,80.19379633,Peak,18024,Cash,0.867584472
292,13.02949294,80.17796855,Non-Peak,15872,Card,1.181789218
293,13.03492886,80.17378163,Non-Peak,7956,Card,1.923262105
294,13.0197539,80.20425298,Non-Peak,44455,Cash,1.95709916
295,13.01902409,80.19231831,Peak,43514,Card,0.762727716
296,13.03077144,80.19540096,Non-Peak,6407,Card,1.308669165
297,13.02423798,80.20253877,Peak,45097,Cash,1.747682401
298,13.01780222,80.19926459,Peak,96309,Card,1.495293903
299,13.02391653,80.19859261,Non-Peak,9113,Card,1.318529598
300,13.02936427,80.17441105,Peak,45474,Cash,1.495075206
301,13.03016416,80.20358151,Non-Peak,31686,Card,2.02462882
302,13.01706439,80.20335354,Non-Peak,2708,Cash,1.938957911
303,13.034267,80.18184999,Peak,20924,Card,1.365704063
304,13.01728385,80.1954637,Non-Peak,3258,Card,1.154023057
305,13.02908793,80.19265354,Non-Peak,10385,Cash,0.964461352
306,13.03627639,80.16987522,Non-Peak,20300,Card,2.33845674
307,13.05195715,80.17066798,Non-Peak,4812,Cash,3.663430814
308,13.0342666,80.17882949,Non-Peak,1195,Cash,1.516709439
309,13.03389768,80.17038315,Non-Peak,19732,Card,2.133731117
310,13.02409769,80.17365827,Peak,26180,Cash,1.396084698
311,13.04612296,80.19304711,Peak,8797,Card,2.685353688
312,13.02042529,80.1939947,Non-Peak,1203,Cash,0.858228847
313,13.03686834,80.19172017,Peak,74518,Card,1.660045889
314,13.03923624,80.19359684,Peak,27453,Card,1.97973373
315,13.03013671,80.19224237,Peak,27026,Cash,1.023769031
316,13.01822264,80.1934481,Peak,53026,Cash,0.914099655
317,13.03489521,80.1763117,Peak,973,Card,1.7348306
318,13.03600677,80.17233595,Peak,17990,Card,2.119254179
319,13.01655614,80.19182442,Non-Peak,11426,Cash,0.90868267
320,13.03710877,80.19527366,Non-Peak,68543,Cash,1.850927402
321,13.04088298,80.18249322,Peak,2706,Card,2.052219626
322,13.03024435,80.17475959,Non-Peak,7274,Card,1.513085164
323,13.02082657,80.1915057,Non-Peak,18584,Cash,0.589618853
324,13.01826389,80.19718628,Non-Peak,8219,Card,1.267779397
325,13.01778248,80.19544198,Non-Peak,70073,Cash,1.123215202
326,13.01305255,80.19801577,Non-Peak,13151,Cash,1.658685073
327,13.03480524,80.18816969,Non-Peak,74615,Card,1.342834757
328,13.0269577,80.17127343,Non-Peak,77415,Card,1.709864147
329,13.01737375,80.20171912,Non-Peak,855,Cash,1.76063402
330,13.01630646,80.19469925,Non-Peak,34708,Cash,1.150488243
331,13.03167815,80.17510724,Peak,59537,Cash,1.57578132
332,13.01901422,80.19287271,Peak,89007,Cash,0.813871154
333,13.03720059,80.18922616,Peak,29747,Card,1.62426756
334,13.02941623,80.19179277,Peak,69764,Card,0.930602128
335,13.0359348,80.18328701,Non-Peak,104167,Card,1.496340592
336,13.03010593,80.17837563,Non-Peak,9619,Cash,1.192766177
337,13.04327118,80.19201762,Non-Peak,49448,Card,2.350012141
338,13.0296511,80.1778182,Non-Peak,45389,Card,1.205512419
339,13.03618375,80.19349393,Non-Peak,67929,Cash,1.667166542
340,13.01753025,80.18996439,Peak,28918,Cash,0.701943947
341,13.02038326,80.20150067,Peak,2504,Card,1.65122988
342,13.04111502,80.19275582,Peak,19912,Cash,2.143060302
343,13.01879819,80.19679708,Peak,15978,Cash,1.205839319
344,13.03517153,80.18364368,Non-Peak,47664,Card,1.404918139
345,13.04025335,80.17093412,Peak,6839,Card,2.566335423
346,13.03188745,80.17693568,Peak,53454,Card,1.442341372
347,13.04129522,80.1923084,Non-Peak,38388,Card,2.147308059
348,13.02311285,80.18932784,Non-Peak,26273,Cash,0.310483408
349,13.0413662,80.17374009,Non-Peak,19334,Card,2.479696406
350,13.01745611,80.19313198,Non-Peak,37811,Cash,0.938070026
351,13.03430855,80.17148975,Non-Peak,4896,Card,2.064782983
352,13.0144524,80.19153165,Non-Peak,5968,Cash,1.082693256
353,13.02923891,80.19361849,Non-Peak,73817,Card,1.051070393
354,13.01839683,80.19632564,Peak,88203,Cash,1.176676819
355,13.01935367,80.1972545,Non-Peak,24427,Cash,1.231082717
356,13.04095825,80.18299574,Peak,22128,Card,2.049689559
357,13.01243976,80.19631281,Non-Peak,55625,Cash,1.573795947
358,13.01882076,80.20567078,Non-Peak,30315,Card,2.127944115
359,13.02065099,80.19676706,Non-Peak,107840,Card,1.141751281
360,13.04280714,80.17330819,Non-Peak,47168,Cash,2.639391424
361,13.02663876,80.17913737,Peak,2854,Cash,0.900253599
362,13.03228935,80.17656245,Peak,13075,Card,1.502512388
363,13.01169725,80.20017205,Non-Peak,63171,Card,1.934336789
364,13.03303028,80.19577321,Peak,18840,Cash,1.516051627
365,13.01783678,80.19373971,Non-Peak,121940,Card,0.964542107
366,13.02083212,80.1955627,Non-Peak,180,Card,1.009971423
367,13.02501862,80.2019044,Non-Peak,33794,Cash,1.68942634
368,13.04569319,80.16968562,Non-Peak,51836,Cash,3.125645186
369,13.04747196,80.18173451,Non-Peak,56941,Cash,2.787049763
370,13.04385475,80.17227053,Non-Peak,8126,Cash,2.798401788
371,13.03499928,80.1726147,Non-Peak,41565,Card,2.020893558
372,13.02478647,80.16762566,Non-Peak,10069,Card,2.054283289
373,13.01842357,80.18958113,Peak,38367,Cash,0.596132091
374,13.03293256,80.19538581,Non-Peak,53593,Cash,1.480223547
375,13.02191207,80.19003018,Peak,47591,Cash,0.398982963
376,13.01872515,80.19058534,Non-Peak,63593,Card,0.639201847
377,13.0434078,80.17095365,Non-Peak,22785,Card,2.839177013
378,13.01823776,80.19295028,Non-Peak,4570,Cash,0.869037755
379,13.04196244,80.17833229,Non-Peak,233,Card,2.302271622
380,13.04059266,80.19864593,Non-Peak,52367,Cash,2.374072279
381,13.03072584,80.20107476,Peak,3293,Cash,1.808672837
382,13.01481633,80.19556535,Non-Peak,50555,Card,1.32982416
383,13.01817013,80.20045243,Peak,1728,Cash,1.601582475
384,13.01848584,80.2010778,Non-Peak,120,Card,1.655195594
385,13.03473397,80.17039313,Non-Peak,3970,Cash,2.187783461
386,13.02428383,80.17329262,Peak,27681,Cash,1.437674536
387,13.03468005,80.17182246,Non-Peak,42634,Card,2.062665637
388,13.01463902,80.19500598,Non-Peak,21047,Cash,1.299345352
389,13.03299184,80.19599273,Non-Peak,20308,Card,1.528806837
390,13.0422133,80.19484144,Peak,1587,Cash,2.337284927
391,13.02276784,80.19740433,Non-Peak,504,Cash,1.184405289
392,13.04212402,80.1759283,Peak,8362,Cash,2.43000924
393,13.02742161,80.16866615,Non-Peak,74667,Card,1.996103712
394,13.0287717,80.19916851,Non-Peak,14316,Cash,1.525288061
395,13.04002558,80.17038836,Non-Peak,19199,Card,2.586762451
396,13.02454398,80.18976522,Non-Peak,18071,Card,0.403369868
397,13.01751598,80.18984366,Non-Peak,117159,Cash,0.696335579
398,13.01961215,80.19514803,Non-Peak,1659,Cash,1.00638143
399,13.02888898,80.19327623,Non-Peak,62746,Cash,0.997427317
400,13.03564255,80.17152278,Peak,33703,Card,2.156877055
401,13.03237105,80.16781705,Peak,122381,Card,2.28287728
402,13.03071964,80.19638238,Non-Peak,74939,Card,1.385480124
403,13.01441223,80.19960761,Non-Peak,8917,Card,1.704644499
404,13.03636487,80.1957416,Non-Peak,21633,Card,1.808173234
405,13.0307444,80.19394435,Non-Peak,78957,Card,1.194514511
406,13.02485926,80.19795888,Non-Peak,8602,Cash,1.264438564
407,13.02420023,80.19811686,Non-Peak,45945,Card,1.270539354
408,13.03163097,80.19026274,Non-Peak,22646,Card,1.059807402
409,13.03919491,80.17522389,Non-Peak,13251,Card,2.189535285
410,13.03106858,80.17210563,Non-Peak,87940,Card,1.806064818
411,13.02791082,80.17026017,Non-Peak,4133,Card,1.845464421
412,13.04229045,80.18627456,Non-Peak,6443,Card,2.162993373
413,13.04325474,80.18897717,Non-Peak,12629,Cash,2.286275352
414,13.0241092,80.2034365,Non-Peak,3150,Card,1.843466943
415,13.02305263,80.17013573,Peak,66297,Card,1.771045582
416,13.03651423,80.19038012,Non-Peak,5799,Cash,1.578114186
417,13.02610331,80.19008073,Non-Peak,61799,Cash,0.532757216
418,13.03042678,80.16983711,Non-Peak,9832,Card,1.990626428
419,13.01928037,80.19206757,Non-Peak,9171,Card,0.724323857
420,13.02229094,80.19879821,Non-Peak,15621,Card,1.336869254
421,13.04429616,80.17482371,Non-Peak,76785,Card,2.699554205
422,13.02211243,80.17808021,Peak,25694,Card,0.913568038
423,13.03030471,80.16841252,Non-Peak,26159,Cash,2.12615095
424,13.01774062,80.19826485,Peak,15539,Card,1.398226949
425,13.01787346,80.20679896,Non-Peak,8692,Cash,2.2709729
426,13.01821435,80.19037822,Peak,60958,Cash,0.666651667
427,13.03391312,80.17275905,Peak,19702,Cash,1.930077662
428,13.04785845,80.19935336,Peak,45695,Cash,3.112636862
429,13.03099855,80.17479974,Peak,2902,Card,1.556760565
430,13.0415416,80.18773065,Peak,123471,Cash,2.084021666
431,13.03427398,80.1708166,Non-Peak,62938,Cash,2.120335966
432,13.03246108,80.17143659,Peak,112961,Card,1.9494316
433,13.03645123,80.18665774,Non-Peak,113582,Cash,1.51345839
434,13.02201597,80.20344152,Non-Peak,78828,Cash,1.840986434
435,13.02513089,80.19770252,Non-Peak,48201,Card,1.242925901
436,13.05261066,80.17117648,Non-Peak,1742,Card,3.702842666
437,13.03985882,80.17456724,Non-Peak,9740,Card,2.290577085
438,13.05024891,80.17595572,Non-Peak,9526,Card,3.25441186
439,13.03872602,80.19156022,Non-Peak,2450,Card,1.850318837
440,13.03941945,80.19570696,Non-Peak,2281,Card,2.097453822
441,13.01790519,80.19058802,Non-Peak,4281,Cash,0.70767366
442,13.03062146,80.17391602,Non-Peak,28169,Cash,1.612683497
443,13.04745559,80.16939653,Non-Peak,72,Card,3.304472819
444,13.00973402,80.20188234,Non-Peak,27880,Card,2.217148198
445,13.0198093,80.18951162,Peak,3976,Cash,0.471614658
446,13.04438303,80.17188682,Non-Peak,57467,Card,2.870352079
447,13.03635793,80.17173064,Peak,38325,Card,2.193736918
448,13.03385642,80.19766615,Peak,37132,Cash,1.723526271
449,13.02370342,80.20669843,Peak,65598,Card,2.193698701
450,13.02552666,80.19202389,Non-Peak,55833,Card,0.671091685
451,13.04471035,80.17288666,Non-Peak,82717,Cash,2.843204806
452,13.03332314,80.19120779,Peak,8802,Card,1.273199458
453,13.02136013,80.19949239,Peak,56129,Card,1.420336167
454,13.01938369,80.20026256,Non-Peak,105156,Card,1.543016376
455,13.03703356,80.19454932,Peak,20491,Card,1.804420074
456,13.04328649,80.18756161,Non-Peak,21865,Card,2.276724178
457,13.02114736,80.19939484,Peak,78084,Cash,1.412809359
458,13.04054023,80.18402437,Non-Peak,18264,Cash,1.986041242
459,13.04275168,80.18089482,Peak,8384,Card,2.295315726
460,13.01342311,80.19327456,Non-Peak,12642,Cash,1.281348638
461,13.01072863,80.20072164,Peak,24165,Card,2.049618369
462,13.01839041,80.19153379,Peak,16430,Cash,0.739077667
463,13.02515498,80.18006252,Non-Peak,3398,Card,0.740966902
464,13.02551722,80.19210517,Peak,4719,Cash,0.678534745
465,13.04504647,80.1790143,Non-Peak,134793,Cash,2.598486828
466,13.01137541,80.20028007,Non-Peak,97176,Cash,1.96637842
467,13.0211032,80.19314762,Non-Peak,41505,Cash,0.748616698
468,13.01854024,80.1900054,Peak,30797,Card,0.613051042
469,13.03734058,80.16775773,Non-Peak,1649,Card,2.591222547
470,13.03749602,80.19722449,Non-Peak,4988,Card,2.003075252
471,13.03021581,80.19397318,Peak,22177,Cash,1.1541572
472,13.02349211,80.19524876,Peak,403,Cash,0.95346274
473,13.04663137,80.18671561,Non-Peak,44550,Card,2.64589319
474,13.03859636,80.18620792,Peak,38778,Cash,1.752194679
475,13.02570035,80.2072777,Peak,5299,Cash,2.276633792
476,13.02706928,80.19872073,Non-Peak,31305,Cash,1.407695449
477,13.03583625,80.17180939,Non-Peak,5561,Card,2.148072237
478,13.01781348,80.19779869,Non-Peak,59469,Card,1.348833596
479,13.0344039,80.17903873,Non-Peak,6999,Cash,1.517358078
480,13.01834113,80.19284348,Non-Peak,30908,Cash,0.852911409
481,13.03481048,80.18982975,Peak,32979,Card,1.379553233
482,13.01583514,80.19589832,Peak,32145,Card,1.284984676
483,13.02495533,80.17356281,Peak,67571,Cash,1.418993904
484,13.0131196,80.19095843,Peak,60951,Card,1.186120689
485,13.0322584,80.18942266,Non-Peak,22198,Cash,1.094542505
486,13.01766758,80.19724076,Peak,47915,Cash,1.30117122
487,13.0167809,80.19363304,Non-Peak,6185,Cash,1.028103333
488,13.0211851,80.19599592,Non-Peak,4497,Cash,1.048169322
489,13.02605369,80.17093732,Peak,23148,Card,1.721379394
490,13.02744649,80.18065877,Non-Peak,19294,Card,0.811936784
491,13.01469989,80.18860687,Non-Peak,38097,Card,0.935243323
492,13.04129447,80.19583067,Non-Peak,16029,Card,2.288851344
493,13.02091962,80.19139534,Non-Peak,32716,Card,0.574637599
494,13.03162082,80.18697484,Non-Peak,69597,Card,0.977493066
495,13.01540228,80.20030685,Peak,6365,Cash,1.712515352
496,13.04272553,80.17185876,Non-Peak,7911,Card,2.72013525
497,13.03832385,80.18788838,Non-Peak,54273,Card,1.728430618
498,13.04073461,80.17782467,Non-Peak,837,Cash,2.199632058
499,13.03679521,80.16954543,Peak,41212,Card,2.402918021
500,13.04234359,80.17520775,Non-Peak,263,Card,2.488957587
501,13.01904779,80.19374005,Non-Peak,3222,Card,0.893523348
502,13.03520916,80.1834039,Non-Peak,45684,Card,1.414891538
503,13.02877679,80.17763204,Non-Peak,20517,Card,1.163513317
504,13.0407701,80.19083519,Non-Peak,124622,Cash,2.04896451
505,13.02978821,80.19743802,Non-Peak,48016,Card,1.416883019
506,13.01846175,80.20202542,Non-Peak,1605,Cash,1.754387404
507,13.04104775,80.17295834,Peak,21803,Card,2.499048
508,13.0321384,80.17309958,Non-Peak,338,Card,1.780389424
509,13.01289339,80.19241278,Non-Peak,22433,Cash,1.280609622
510,13.01186715,80.19080497,Non-Peak,8468,Card,1.308405411
511,13.03182671,80.17448268,Peak,24004,Cash,1.639267987
512,13.02781241,80.17302412,Non-Peak,46226,Cash,1.558980533
513,13.03028895,80.18924661,Non-Peak,97758,Card,0.880612185
514,13.03527077,80.17164576,Peak,56379,Cash,2.119689204
515,13.03342623,80.17861424,Peak,15155,Cash,1.452876882
516,13.02517663,80.17714383,Non-Peak,5659,Card,1.044054659
517,13.03915457,80.17033542,Peak,56821,Cash,2.520014197
518,13.02064363,80.19714695,Non-Peak,54471,Cash,1.182171485
519,13.03038412,80.19091415,Non-Peak,36247,Cash,0.966594182
520,13.03185725,80.19828208,Non-Peak,52064,Card,1.62531838
521,13.02886099,80.1937106,Non-Peak,69127,Card,1.030673418
522,13.02253182,80.19575013,Non-Peak,3423,Card,1.005708188
523,13.02679855,80.19277999,Non-Peak,77599,Card,0.81239178
524,13.04383356,80.18601765,Non-Peak,33582,Cash,2.335066652
525,13.01931353,80.20450423,Non-Peak,12588,Cash,1.992992145
526,13.01152185,80.19985894,Peak,12869,Card,1.921158602
527,13.03285922,80.19692318,Peak,81214,Cash,1.588187374
528,13.02987379,80.18943756,Non-Peak,13140,Card,0.844987214
529,13.03561917,80.19033741,Non-Peak,44961,Card,1.481119344
530,13.03211035,80.1723351,Non-Peak,133939,Card,1.846732037
531,13.02555274,80.1971232,Non-Peak,79662,Cash,1.192507218
532,13.04038134,80.19430543,Non-Peak,100967,Cash,2.127075463
533,13.03280293,80.18843771,Peak,7471,Card,1.127715498
534,13.01786099,80.18946974,Peak,41621,Card,0.642571576
535,13.01948925,80.19245748,Non-Peak,28486,Card,0.748163352
536,13.02714777,80.17777988,Non-Peak,22655,Card,1.056922677
537,13.02905443,80.17612512,Non-Peak,56198,Cash,1.317266041
538,13.02160806,80.19805735,Non-Peak,20376,Card,1.262691256
539,13.04179027,80.17154897,Peak,61750,Card,2.656566682
540,13.036879,80.1755892,Non-Peak,22051,Card,1.956648702
541,13.0280692,80.1795499,Non-Peak,2553,Card,0.949152128
542,13.01434425,80.1966154,Non-Peak,76735,Card,1.449889091
543,13.03975361,80.19248177,Non-Peak,13741,Card,1.990125561
544,13.03927855,80.1891837,Non-Peak,7502,Card,1.85124501
545,13.02075956,80.19596692,Peak,10639,Cash,1.054480132
546,13.03821728,80.1884353,Non-Peak,68479,Cash,1.722919382
547,13.04360269,80.18004532,Peak,94683,Card,2.411740725
548,13.0218775,80.19393282,Non-Peak,62403,Cash,0.81530874
549,13.02285095,80.19568972,Non-Peak,31879,Card,0.998549305
550,13.03717119,80.19689109,Non-Peak,1247,Cash,1.952686161
551,13.02516712,80.2038531,Peak,53433,Card,1.90086016
552,13.02862827,80.18557903,Non-Peak,7307,Card,0.650412005
553,13.01271805,80.19871188,Peak,12031,Cash,1.74014522
554,13.03144327,80.18958698,Non-Peak,16620,Card,1.013941669
555,13.02510809,80.19195417,Non-Peak,38465,Card,0.644782908
556,13.03469602,80.17922328,Non-Peak,63143,Cash,1.534646875
557,13.03704642,80.17814921,Peak,100308,Card,1.819140211
558,13.01086748,80.19107871,Peak,41689,Cash,1.422903967
559,13.01232072,80.19435222,Peak,80873,Cash,1.449053992
560,13.01411727,80.19183099,Peak,4394,Cash,1.131301598
561,13.03012998,80.19026118,Non-Peak,15943,Cash,0.908092558
562,13.03691552,80.17557255,Non-Peak,9325,Cash,1.960977788
563,13.03933675,80.17373765,Peak,56865,Cash,2.295748612
564,13.0250058,80.16755759,Non-Peak,100116,Card,2.064314733
565,13.03100861,80.17052582,Non-Peak,13674,Card,1.952513474
566,13.03589397,80.18846367,Non-Peak,23487,Card,1.467239549
567,13.01774022,80.19771672,Non-Peak,16046,Card,1.344180495
568,13.03703984,80.1734726,Non-Peak,57544,Card,2.116254667
569,13.037893,80.17399805,Non-Peak,4062,Cash,2.151733267
570,13.02905893,80.16753393,Non-Peak,8480,Cash,2.166028023
571,13.02540878,80.1766485,Non-Peak,13145,Card,1.102527939
572,13.01997459,80.19316826,Non-Peak,71,Cash,0.792551469
573,13.03544322,80.2044509,Peak,11173,Card,2.399600075
574,13.02550355,80.18954239,Non-Peak,65545,Card,0.444709483
575,13.03851196,80.17981241,Non-Peak,83434,Card,1.886276169
576,13.02966956,80.17828027,Non-Peak,4273,Card,1.168292648
577,13.03608074,80.16899305,Non-Peak,25171,Card,2.399368438
578,13.0117062,80.19017877,Non-Peak,35182,Card,1.302653132
579,13.03196766,80.19021164,Non-Peak,48416,Card,1.092370227
580,13.02622648,80.20113454,Non-Peak,46952,Card,1.632502387
581,13.03714336,80.19469911,Non-Peak,41742,Card,1.822992179
582,13.02271753,80.20098204,Non-Peak,114569,Card,1.572177846
583,13.04293973,80.1762604,Peak,51426,Card,2.494262929
584,13.02975091,80.19422987,Non-Peak,35574,Card,1.138398726
585,13.01784648,80.19526998,Peak,49029,Cash,1.103522298
586,13.02481416,80.19262035,Peak,501,Cash,0.700932997
587,13.01766837,80.20123058,Non-Peak,48423,Cash,1.699665114
588,13.02434214,80.1958738,Non-Peak,3139,Cash,1.031986527
589,13.04508437,80.17246001,Non-Peak,18481,Cash,2.902798878
590,13.0418827,80.19385758,Non-Peak,52398,Card,2.263591304
591,13.04174469,80.17037738,Non-Peak,42190,Cash,2.731832724
592,13.04004776,80.17568529,Non-Peak,88195,Cash,2.242467991
593,13.0310496,80.18482059,Non-Peak,5486,Card,0.929924371
594,13.02346269,80.17057756,Non-Peak,20039,Card,1.724373207
595,13.0212215,80.19366039,Non-Peak,44802,Cash,0.799340773
596,13.03099823,80.18871928,Non-Peak,70284,Card,0.938766478
597,13.03396406,80.17164882,Peak,2926,Card,2.027655001
598,13.03369038,80.16989761,Non-Peak,29223,Card,2.16401492
599,13.03584404,80.18839186,Non-Peak,142,Cash,1.460619208
600,13.01838512,80.20198691,Non-Peak,45019,Cash,1.75277377
601,13.0141718,80.20331979,Peak,3813,Cash,2.064879469
602,13.02659461,80.17272365,Non-Peak,11683,Cash,1.547623104
603,13.04015957,80.17525126,Non-Peak,51677,Cash,2.277858117
604,13.01848377,80.18920229,Non-Peak,6020,Card,0.568225147
605,13.01394484,80.19402946,Non-Peak,57,Cash,1.284833953
606,13.02469477,80.19986766,Peak,2837,Card,1.465816561
607,13.03065458,80.19458427,Non-Peak,17525,Cash,1.235508821
608,13.03527133,80.17074251,Non-Peak,8575,Cash,2.19487828
609,13.02962194,80.16847253,Non-Peak,7162,Card,2.091616381
610,13.01202027,80.19246393,Peak,39968,Cash,1.368079769
611,13.03798388,80.19794817,Non-Peak,11358,Card,2.093080301
612,13.03509102,80.18937676,Non-Peak,1445,Cash,1.397829347
613,13.02846871,80.18975632,Non-Peak,75688,Cash,0.719343795
614,13.02067411,80.19431265,Peak,47839,Cash,0.883036755
615,13.03425085,80.19854683,Non-Peak,56568,Cash,1.822233364
616,13.02241593,80.19415325,Non-Peak,18550,Cash,0.833413604
617,13.02949208,80.19220634,Non-Peak,33620,Cash,0.965444739
618,13.04228421,80.1834082,Peak,117295,Card,2.187600008
619,13.01767813,80.19687256,Non-Peak,42294,Card,1.264981403
620,13.03464839,80.1903282,Non-Peak,38306,Card,1.377565328
621,13.0173776,80.1897775,Non-Peak,650,Card,0.705829196
622,13.02340475,80.1797337,Non-Peak,61039,Card,0.733334283
623,13.02192664,80.20350184,Non-Peak,635,Card,1.848039686
624,13.03373244,80.17644392,Non-Peak,2750,Cash,1.62736
625,13.02679082,80.19842825,Peak,81251,Card,1.367606512
626,13.02766004,80.1719035,Non-Peak,59485,Card,1.667584774
627,13.02174588,80.19925883,Peak,20532,Card,1.390763794
628,13.03469375,80.16936835,Peak,36408,Card,2.27465664
629,13.04146818,80.17414112,Non-Peak,8244,Cash,2.465295247
630,13.01542789,80.19692021,Peak,20883,Cash,1.400845093
631,13.02546975,80.20005142,Non-Peak,48817,Card,1.499895512
632,13.03615316,80.19467904,Non-Peak,97732,Card,1.726620418
633,13.0213443,80.19183418,Non-Peak,9897,Cash,0.604282105
634,13.01516894,80.18920497,Non-Peak,59878,Cash,0.903863632
635,13.01023453,80.19678771,Non-Peak,40562,Cash,1.793711324
636,13.03033918,80.18697622,Non-Peak,25844,Card,0.835188976
637,13.02914998,80.19747217,Non-Peak,5669,Cash,1.382667995
638,13.03958783,80.18197502,Non-Peak,20543,Card,1.925068174
639,13.02380865,80.19917746,Peak,64415,Card,1.380685349
640,13.0254893,80.17108298,Non-Peak,28106,Card,1.693926222
641,13.03035289,80.1985579,Non-Peak,26550,Card,1.552933278
642,13.0304667,80.18622825,Non-Peak,24266,Card,0.848038163
643,13.04270697,80.17664874,Non-Peak,29922,Cash,2.452521766
644,13.0316996,80.17387459,Non-Peak,4749,Card,1.683688872
645,13.03398578,80.19681869,Non-Peak,18571,Card,1.6708297
646,13.03745691,80.17007674,Non-Peak,28861,Cash,2.40828986
647,13.05025611,80.17935899,Peak,53484,Card,3.145019063
648,13.02693225,80.17335038,Non-Peak,2335,Cash,1.493321497
649,13.03018256,80.17043364,Non-Peak,4921,Card,1.920559173
650,13.02466936,80.20155365,Non-Peak,142670,Cash,1.646580952
651,13.03269756,80.19093648,Non-Peak,120210,Cash,1.1976624
652,13.02560298,80.19133884,Non-Peak,15981,Cash,0.609697812
653,13.02864364,80.19917281,Non-Peak,108614,Card,1.519609393
654,13.03121648,80.17716576,Non-Peak,145044,Card,1.372902478
655,13.03534073,80.19272071,Peak,88367,Card,1.545815784
656,13.02513426,80.17055709,Non-Peak,5172,Card,1.743886058
657,13.02587841,80.19675562,Non-Peak,52414,Card,1.163977652
658,13.038501,80.19102095,Peak,53016,Cash,1.809665941
659,13.03480842,80.17379918,Non-Peak,12486,Cash,1.912557297
660,13.0142636,80.19039086,Non-Peak,53554,Cash,1.044839371
661,13.03931764,80.18991846,Non-Peak,24870,Cash,1.869785011
662,13.02784817,80.17060443,Peak,19203,Card,1.807814884
663,13.01637736,80.1942455,Peak,23593,Cash,1.107688252
664,13.02878341,80.19765728,Non-Peak,39415,Cash,1.38002593
665,13.02707451,80.1693066,Peak,124351,Card,1.919246507
666,13.03870525,80.19778163,Peak,56794,Cash,2.147813751
667,13.03765828,80.17665161,Non-Peak,15,Cash,1.961677269
668,13.01685719,80.1934129,Non-Peak,25808,Cash,1.004575721
669,13.02041578,80.18930262,Non-Peak,6734,Card,0.408639853
670,13.03168165,80.19339883,Non-Peak,33142,Card,1.236410457
671,13.04613044,80.17173993,Non-Peak,103391,Card,3.042798185
672,13.04424208,80.17120457,Non-Peak,70381,Cash,2.898845629
673,13.02133957,80.1898205,Non-Peak,10620,Cash,0.399374553
674,13.03603744,80.17244773,Peak,48204,Cash,2.11287909
675,13.00979276,80.18990972,Non-Peak,7487,Cash,1.499076122
676,13.0276447,80.20141477,Peak,38356,Card,1.704690528
677,13.04627042,80.18007654,Peak,75652,Card,2.696328874
678,13.02572814,80.17042314,Non-Peak,28290,Card,1.769014908
679,13.0315668,80.19436713,Non-Peak,964,Card,1.293150293
680,13.01803991,80.19645974,Peak,26036,Cash,1.206936297
681,13.02581444,80.19896193,Peak,39933,Card,1.392851921
682,13.0109288,80.20124086,Non-Peak,18430,Card,2.078057732
683,13.03242217,80.18706879,Peak,50054,Cash,1.067074505
684,13.01756954,80.20113878,Non-Peak,1744,Cash,1.694086896
685,13.02971764,80.16887643,Non-Peak,53519,Card,2.054780171
686,13.04211043,80.17716787,Non-Peak,45717,Cash,2.368417116
687,13.02960236,80.17428605,Non-Peak,13390,Card,1.519855738
688,13.02665887,80.1998766,Non-Peak,19114,Card,1.512933675
689,13.03027726,80.17602339,Non-Peak,87192,Card,1.402284058
690,13.01270966,80.19161137,Non-Peak,30958,Cash,1.257542526
691,13.02876815,80.20393899,Peak,56560,Card,2.0038952
692,13.01226077,80.2063104,Peak,53649,Cash,2.451051339
693,13.01617544,80.19538016,Peak,38579,Card,1.217384747
694,13.01095033,80.19319447,Non-Peak,2403,Card,1.510472836
695,13.03522323,80.19583312,Peak,93607,Cash,1.70988525
696,13.03078222,80.18996946,Non-Peak,28401,Card,0.960478555
697,13.04129442,80.18996517,Peak,35489,Card,2.086632516
698,13.0449846,80.17124833,Peak,22827,Card,2.964389924
699,13.03570667,80.1693559,Non-Peak,55386,Card,2.342803327
700,13.01273047,80.19826266,Peak,28400,Cash,1.702421488
701,13.01834389,80.19959682,Non-Peak,22592,Card,1.507649655
702,13.02716674,80.19883077,Peak,64488,Cash,1.422568422
703,13.03323389,80.20262118,Non-Peak,144947,Cash,2.096793783
704,13.0199308,80.19341707,Peak,41207,Card,0.819217212
705,13.03377564,80.19752998,Non-Peak,20023,Cash,1.706762728
706,13.03093541,80.20334153,Non-Peak,3080,Cash,2.037249764
707,13.04698674,80.17767588,Non-Peak,411,Card,2.849617907
708,13.01979601,80.19378013,Non-Peak,3844,Card,0.86128769
709,13.03136696,80.18981409,Non-Peak,26372,Cash,1.014454314
710,13.03335501,80.19207645,Non-Peak,1110,Cash,1.317089766
711,13.02266795,80.19856575,Non-Peak,87796,Cash,1.310394661
712,13.02256565,80.17646466,Non-Peak,7550,Card,1.085444266
713,13.02235086,80.16764002,Non-Peak,15514,Card,2.042122471
714,13.01545386,80.19021809,Non-Peak,39950,Cash,0.916972229
715,13.01922979,80.19806929,Peak,54275,Cash,1.319305779
716,13.03035904,80.19598318,Non-Peak,73597,Card,1.326606526
717,13.04788621,80.17830561,Peak,10344,Cash,2.922701775
718,13.0253325,80.17210568,Non-Peak,52693,Card,1.581746893
719,13.03028275,80.17570704,Non-Peak,24141,Card,1.430475579
720,13.01760889,80.19380284,Non-Peak,14461,Cash,0.984916752
721,13.02069644,80.19293098,Non-Peak,1346,Cash,0.73934309
722,13.03481718,80.19176236,Peak,46591,Cash,1.449574653
723,13.01968011,80.19084119,Non-Peak,34192,Cash,0.589842838
724,13.02462423,80.17412668,Non-Peak,11307,Card,1.352892068
725,13.02992776,80.17080874,Non-Peak,54346,Card,1.871736387
726,13.04715632,80.18005635,Non-Peak,5748,Card,2.792219713
727,13.04048627,80.17611207,Non-Peak,497,Card,2.260901592
728,13.03601102,80.17280147,Non-Peak,106609,Cash,2.083398191
729,13.03172297,80.17424375,Non-Peak,12918,Card,1.652955363
730,13.02158306,80.19282121,Non-Peak,26210,Cash,0.701898657
731,13.02180153,80.19877035,Peak,63462,Card,1.337485208
732,13.02452012,80.19041276,Non-Peak,27480,Cash,0.465478294
733,13.01954328,80.19376556,Peak,40772,Card,0.87131685
734,13.02638505,80.19805826,Non-Peak,165,Cash,1.315488804
735,13.03812388,80.18379222,Non-Peak,62389,Card,1.724104874
736,13.01538396,80.19800236,Non-Peak,13374,Cash,1.499906163
737,13.01911858,80.18964097,Peak,13201,Cash,0.53821211
738,13.04053924,80.19982385,Peak,46970,Cash,2.442501113
739,13.01888481,80.19164227,Non-Peak,91163,Card,0.712571123
740,13.0377783,80.18471637,Non-Peak,26894,Cash,1.671864307
741,13.03912957,80.17941487,Peak,19924,Card,1.966284536
742,13.02658035,80.16957772,Peak,39022,Card,1.877857892
743,13.03234435,80.16860498,Non-Peak,45924,Card,2.206170469
744,13.03688782,80.16815114,Non-Peak,46042,Card,2.526542638
745,13.01017359,80.20108745,Non-Peak,5917,Cash,2.120190941
746,13.01036198,80.19636487,Non-Peak,21924,Cash,1.754277181
747,13.03148524,80.1859633,Non-Peak,12947,Card,0.962520178
748,13.01937734,80.19706186,Non-Peak,41658,Card,1.210448077
749,13.02665349,80.19833706,Peak,17,Card,1.35339304
750,13.02500632,80.17234557,Non-Peak,1458,Card,1.550121123
751,13.03461665,80.17859493,Non-Peak,8144,Cash,1.563211426
752,13.02255807,80.16906869,Peak,15825,Card,1.886815345
753,13.0358921,80.18581749,Non-Peak,10801,Card,1.452886547
754,13.01477733,80.19725488,Peak,19880,Cash,1.473256774
755,13.0376758,80.1875058,Non-Peak,1421,Card,1.653322007
756,13.03604015,80.19029041,Non-Peak,88200,Card,1.524709398
757,13.03070384,80.19556216,Non-Peak,1518,Card,1.316630055
758,13.02551249,80.19541992,Non-Peak,44789,Card,1.013640721
759,13.02354598,80.18049836,Peak,1397,Cash,0.652483237
760,13.02700184,80.16902817,Non-Peak,108,Cash,1.946580742
761,13.0159626,80.19268259,Peak,22213,Cash,1.019286589
762,13.02182758,80.19744292,Non-Peak,120271,Cash,1.193954532
763,13.03013773,80.19301213,Peak,19638,Cash,1.076806705
764,13.03582411,80.17816501,Non-Peak,29406,Card,1.70151036
765,13.02454464,80.19613673,Peak,19376,Card,1.063885529
766,13.04389727,80.17622733,Non-Peak,60586,Cash,2.591676747
767,13.02051574,80.19067676,Non-Peak,77541,Card,0.523944334
768,13.03868568,80.20104068,Peak,53296,Card,2.365513248
769,13.03184156,80.18939849,Non-Peak,5300,Cash,1.049484523
770,13.02166268,80.19037222,Peak,9181,Card,0.442333619
771,13.0389797,80.17825173,Non-Peak,24637,Card,2.003738803
772,13.03283065,80.17395544,Non-Peak,79040,Cash,1.753446585
773,13.03920184,80.17203676,Non-Peak,61317,Card,2.399696023
774,13.03764752,80.17024426,Non-Peak,17021,Cash,2.409362169
775,13.03125538,80.19460803,Peak,111094,Card,1.285133892
776,13.0379932,80.17958333,Non-Peak,17248,Card,1.843021
777,13.02075892,80.1956262,Non-Peak,14750,Card,1.018509125
778,13.03952037,80.17236504,Non-Peak,85517,Card,2.40388121
779,13.03324938,80.16877003,Non-Peak,27100,Card,2.240773769
780,13.01335049,80.19705065,Non-Peak,21299,Cash,1.558659503
781,13.03005073,80.18574957,Non-Peak,56167,Card,0.805198552
782,13.02167743,80.190362,Non-Peak,18663,Cash,0.440789313
783,13.03796042,80.17650951,Non-Peak,26834,Card,1.998271026
784,13.03850148,80.17553582,Non-Peak,2842,Cash,2.106695163
785,13.02248754,80.19845922,Non-Peak,33541,Cash,1.299313853
786,13.03400288,80.1860017,Non-Peak,28204,Cash,1.242040634
787,13.0339202,80.17489417,Non-Peak,64467,Card,1.758615188
788,13.03617333,80.17825627,Non-Peak,6933,Cash,1.729475175
789,13.02617202,80.1824442,Non-Peak,15287,Card,0.572478065
790,13.04226147,80.19501506,Non-Peak,22409,Cash,2.349571517
791,13.02476125,80.17176431,Non-Peak,3755,Cash,1.608549777
792,13.02488192,80.19267282,Non-Peak,24868,Cash,0.708708824
793,13.02748865,80.20406604,Non-Peak,44504,Cash,1.975014468
794,13.02338118,80.19035283,Non-Peak,65374,Cash,0.424337353
795,13.01796305,80.19995578,Non-Peak,13519,Cash,1.558653989
796,13.03447149,80.17417905,Peak,37675,Cash,1.856911684
797,13.03273912,80.17852834,Non-Peak,43402,Card,1.397406867
798,13.03825587,80.16979581,Non-Peak,4984,Card,2.491139388
799,13.01097541,80.19494579,Non-Peak,133315,Cash,1.6082877
800,13.04035785,80.18294994,Non-Peak,33113,Cash,1.985029372
801,13.03378489,80.18695661,Non-Peak,47838,Card,1.21784174
802,13.02309294,80.19444542,Non-Peak,58555,Cash,0.864129301
803,13.03290053,80.19635886,Non-Peak,2858,Card,1.548499414
804,13.04647585,80.19015312,Non-Peak,41473,Card,2.658501382
805,13.037574,80.18688883,Peak,72743,Cash,1.638837607
806,13.01863473,80.19225012,Non-Peak,29500,Cash,0.781769822
807,13.02640066,80.20102511,Non-Peak,14121,Cash,1.625566204
808,13.04413856,80.17805087,Peak,28469,Cash,2.538362646
809,13.04233397,80.17924154,Non-Peak,28149,Cash,2.305147692
810,13.01751594,80.19452666,Non-Peak,1413,Card,1.05496616
811,13.02865097,80.17314058,Non-Peak,40647,Card,1.582883924
812,13.03758434,80.16767501,Non-Peak,8828,Card,2.615158088
813,13.025168,80.1700643,Non-Peak,12012,Cash,1.797273203
814,13.02344725,80.19216017,Non-Peak,61674,Cash,0.619636907
815,13.04430387,80.19290315,Non-Peak,26555,Card,2.486407027
816,13.03288833,80.1788312,Non-Peak,232,Card,1.390714328
817,13.02577844,80.17456907,Peak,13249,Card,1.330986374
818,13.03996836,80.17370809,Non-Peak,33224,Card,2.354146675
819,13.01575915,80.1955959,Non-Peak,1655,Cash,1.264349378
820,13.04133193,80.19325277,Non-Peak,28549,Cash,2.183474281
821,13.02311929,80.1945832,Non-Peak,41864,Cash,0.879150087
822,13.03837322,80.17501011,Non-Peak,14033,Card,2.127679364
823,13.0435778,80.1702502,Non-Peak,27097,Card,2.900013398
824,13.03472198,80.17501669,Non-Peak,102892,Cash,1.813076252
825,13.03065112,80.16874507,Non-Peak,3919,Card,2.108584096
826,13.01791182,80.19357921,Non-Peak,1409,Cash,0.94552743
827,13.029454,80.18614648,Non-Peak,19085,Card,0.735827686
828,13.03520628,80.19472113,Non-Peak,48906,Card,1.639704704
829,13.03084621,80.19812347,Non-Peak,11244,Card,1.544400216
830,13.02164155,80.1978861,Non-Peak,28633,Card,1.243837073
831,13.03716665,80.18573191,Non-Peak,32096,Card,1.594953153
832,13.02422026,80.17581759,Non-Peak,13521,Cash,1.165173553
833,13.0232853,80.16791233,Non-Peak,90236,Card,2.012451463
834,13.04386585,80.19303562,Peak,28568,Card,2.443808399
835,13.03164602,80.1717197,Non-Peak,8802,Card,1.874968639
836,13.02663798,80.19634423,Peak,74078,Cash,1.149614143
837,13.01124179,80.19472129,Non-Peak,1451,Card,1.570071858
838,13.02627226,80.19968845,Non-Peak,13705,Card,1.481734666
839,13.04646682,80.1717782,Non-Peak,12035,Card,3.072559338
840,13.02808556,80.16758209,Non-Peak,39025,Cash,2.128937282
841,13.01229782,80.19281638,Peak,19391,Cash,1.359876497
842,13.0384556,80.19695264,Non-Peak,70825,Card,2.074564946
843,13.01189313,80.19782979,Non-Peak,15532,Cash,1.731735495
844,13.03826821,80.20111231,Non-Peak,131854,Card,2.336394257
845,13.02188904,80.19650966,Non-Peak,55844,Card,1.092622368
846,13.04505232,80.17999625,Non-Peak,7110,Card,2.567989482
847,13.0358466,80.17674551,Non-Peak,1571,Card,1.789734602
848,13.04192489,80.18575608,Non-Peak,6749,Card,2.123652057
849,13.03510808,80.17310685,Non-Peak,5013,Card,1.989844164
850,13.02845397,80.17110757,Peak,108103,Card,1.778510036
851,13.0314167,80.18610347,Non-Peak,17216,Cash,0.954145236
852,13.02308586,80.19208732,Peak,18503,Cash,0.608714199
853,13.03523243,80.17309495,Non-Peak,17610,Card,2.000285485
854,13.04036203,80.17221403,Non-Peak,18800,Card,2.486971535
855,13.02382269,80.17363053,Peak,15619,Card,1.39636669
856,13.01294492,80.19525808,Non-Peak,47710,Cash,1.455751794
857,13.01140682,80.19838179,Non-Peak,18585,Card,1.812314009
858,13.01776934,80.19106014,Non-Peak,41496,Cash,0.752242436
859,13.02790211,80.19770465,Non-Peak,48888,Cash,1.340551239
860,13.04012493,80.17486718,Non-Peak,5019,Card,2.297130817
861,13.01615211,80.19164984,Non-Peak,52470,Cash,0.932229219
862,13.02322266,80.19936945,Non-Peak,113163,Cash,1.397968522
863,13.02867067,80.20055757,Peak,20801,Cash,1.657898871
864,13.03418741,80.17945126,Peak,26935,Card,1.473419902
865,13.04831487,80.17372317,Non-Peak,18140,Cash,3.152161253
866,13.03583427,80.16942544,Non-Peak,32112,Card,2.34555505
867,13.01872425,80.19366005,Non-Peak,8533,Card,0.90361759
868,13.04140907,80.19914616,Non-Peak,24076,Cash,2.479706901
869,13.02476028,80.20354555,Peak,53490,Card,1.862130999
870,13.03487722,80.17554308,Non-Peak,21038,Card,1.787380422
871,13.02281033,80.17703691,Non-Peak,8712,Card,1.022982199
872,13.01296985,80.20051862,Peak,10333,Cash,1.877084033
873,13.03894447,80.18062045,Non-Peak,45177,Card,1.899794877
874,13.01578419,80.20305321,Peak,8727,Cash,1.960880186
875,13.01330477,80.19399303,Non-Peak,6040,Card,1.338072573
876,13.04272956,80.20183798,Non-Peak,56788,Card,2.768272831
877,13.04115554,80.19505842,Non-Peak,28537,Card,2.238965612
878,13.0272042,80.19765538,Non-Peak,69206,Card,1.304924779
879,13.04237855,80.17656486,Peak,18637,Cash,2.423679837
880,13.04381987,80.17520549,Non-Peak,94229,Card,2.63339905
881,13.04406775,80.19168013,Non-Peak,11732,Card,2.427026286
882,13.04060234,80.18590774,Non-Peak,55892,Card,1.976058245
883,13.02761408,80.17422484,Non-Peak,64799,Cash,1.429704286
884,13.01611419,80.19968623,Non-Peak,32889,Card,1.615762176
885,13.03460809,80.17213378,Peak,60356,Card,2.031639811
886,13.02990172,80.17636593,Non-Peak,11293,Card,1.347725233
887,13.03439739,80.17917884,Non-Peak,92500,Card,1.508730426
888,13.02264913,80.20328161,Peak,22654,Cash,1.821464164
889,13.0361865,80.18834546,Non-Peak,133876,Card,1.497648723
890,13.03811696,80.19088844,Non-Peak,43614,Card,1.764651135
891,13.03264215,80.19605629,Non-Peak,18417,Card,1.505066274
892,13.01698304,80.19076772,Peak,8087,Card,0.801151947
893,13.02390139,80.19539518,Non-Peak,1511,Cash,0.973715951
894,13.01131368,80.19550965,Non-Peak,43953,Cash,1.613860494
895,13.02025708,80.18938859,Peak,29352,Cash,0.427366751
896,13.03489889,80.17085439,Peak,60913,Card,2.159511775
897,13.0190159,80.20273127,Non-Peak,26493,Cash,1.812514522
898,13.03582799,80.18811204,Non-Peak,99772,Card,1.454845686
899,13.02907455,80.18577463,Non-Peak,121654,Card,0.696908299
900,13.02375472,80.19622332,Non-Peak,12050,Cash,1.061191775
901,13.02491329,80.18315534,Non-Peak,6129,Cash,0.42701971
902,13.03376773,80.19008225,Non-Peak,50524,Card,1.276137578
903,13.02290819,80.17692214,Peak,25942,Cash,1.035434588
904,13.0355885,80.1999298,Non-Peak,1929,Card,2.033415736
905,13.05036735,80.16953677,Non-Peak,77217,Card,3.569555153
906,13.03241861,80.18519615,Non-Peak,60186,Cash,1.073739173
907,13.02590737,80.1762481,Peak,12466,Card,1.159555626
908,13.04152115,80.17578524,Non-Peak,52362,Card,2.378552892
909,13.03086979,80.18091417,Non-Peak,5551,Cash,1.076936615
910,13.03237665,80.19493932,Non-Peak,9560,Cash,1.401793949
911,13.02620474,80.1717481,Peak,14593,Card,1.639265556
912,13.02362087,80.17750521,Non-Peak,68540,Card,0.976023585
913,13.03819482,80.19406578,Non-Peak,74527,Cash,1.895093228
914,13.03564563,80.18009105,Non-Peak,5725,Card,1.582963679
915,13.03955759,80.17668156,Non-Peak,4056,Card,2.140587062
916,13.03737296,80.1740845,Peak,16309,Card,2.101049785
917,13.02141749,80.19270033,Non-Peak,39540,Cash,0.693061485
918,13.02847982,80.19101176,Non-Peak,34077,Cash,0.796400374
919,13.02828331,80.17575359,Non-Peak,101056,Cash,1.309979324
920,13.02245692,80.19809043,Non-Peak,12369,Cash,1.259478075
921,13.01859099,80.20137345,Non-Peak,10618,Card,1.682527298
922,13.02298946,80.2021993,Non-Peak,2801,Card,1.704106842
923,13.02007054,80.18956582,Non-Peak,13034,Cash,0.455548702
924,13.0453919,80.18074598,Non-Peak,683,Cash,2.583622242
925,13.03461117,80.17036712,Peak,27204,Card,2.181809507
926,13.04235891,80.17399186,Peak,68654,Cash,2.557633572
927,13.02338329,80.18954285,Non-Peak,10983,Cash,0.337684971
928,13.02248738,80.19846822,Non-Peak,56321,Cash,1.300289327
929,13.03266961,80.19539684,Non-Peak,10775,Card,1.458970587
930,13.03122199,80.18800041,Non-Peak,4250,Card,0.946166031
931,13.0348347,80.17176696,Non-Peak,40507,Card,2.078295685
932,13.04118294,80.17003981,Non-Peak,49202,Card,2.707966904
933,13.01923649,80.19407376,Peak,4848,Cash,0.916151921
934,13.03534884,80.16998591,Non-Peak,19058,Card,2.264451486
935,13.03472151,80.18153865,Non-Peak,102710,Card,1.42517739
936,13.02441565,80.17849966,Non-Peak,42016,Card,0.881879767
937,13.02322345,80.1682329,Non-Peak,19676,Card,1.977562261
938,13.03145308,80.17712222,Non-Peak,56360,Card,1.394311599
939,13.02219066,80.1916535,Peak,8224,Card,0.565849271
940,13.01848229,80.20631453,Non-Peak,8783,Card,2.204186202
941,13.03282641,80.18594314,Non-Peak,891,Card,1.111607431
942,13.04300795,80.17524128,Non-Peak,13982,Card,2.551875338
943,13.03355694,80.17327723,Non-Peak,98993,Card,1.861563074
944,13.02907083,80.19003665,Non-Peak,13623,Card,0.792614565
945,13.0338539,80.19809891,Non-Peak,15456,Cash,1.75664704
946,13.01056755,80.20049134,Peak,37298,Card,2.042821314
947,13.03382252,80.19635183,Non-Peak,37749,Card,1.623617609
948,13.03804508,80.17752198,Peak,37660,Cash,1.949321491
949,13.03818841,80.17748217,Non-Peak,21164,Cash,1.965301584
950,13.0161242,80.19918253,Non-Peak,54896,Cash,1.567063631
951,13.01535128,80.19403595,Non-Peak,72482,Card,1.169001019
952,13.01442139,80.1944461,Non-Peak,135447,Card,1.274592017
953,13.05046511,80.1777787,Non-Peak,1415,Cash,3.213558242
954,13.04058055,80.17195116,Non-Peak,7801,Card,2.523729751
955,13.0296929,80.18317898,Non-Peak,91633,Card,0.841195569
956,13.01685561,80.18920527,Non-Peak,114706,Card,0.72916997
957,13.01830941,80.19153376,Peak,25890,Cash,0.745149206
958,13.01808064,80.19849662,Non-Peak,42643,Cash,1.406525194
959,13.01414341,80.19414915,Non-Peak,36213,Cash,1.276300951
960,13.02182391,80.1989171,Non-Peak,25306,Card,1.353118213
961,13.01819401,80.19207294,Peak,6367,Cash,0.797400757
962,13.01986409,80.20272995,Non-Peak,59189,Cash,1.792533466
963,13.02470127,80.17767571,Non-Peak,66059,Card,0.975789889
964,13.02287005,80.16799223,Non-Peak,28213,Card,2.003204818
965,13.0167471,80.1891981,Peak,21052,Cash,0.739908876
966,13.03052539,80.18804239,Non-Peak,1302,Card,0.870847528
967,13.02897526,80.19770794,Non-Peak,17571,Card,1.395151624
968,13.02345261,80.17600574,Non-Peak,4062,Card,1.136725059
969,13.02545172,80.1891035,Non-Peak,2255,Card,0.4062521
970,13.03589691,80.17659505,Non-Peak,87432,Cash,1.803890982
971,13.02626313,80.19728844,Non-Peak,10490,Cash,1.231881852
972,13.03480434,80.17648309,Peak,7603,Cash,1.715246084
973,13.03489675,80.17303905,Non-Peak,4095,Card,1.979205193
974,13.03075036,80.1783592,Peak,71848,Card,1.243675192
975,13.0334673,80.1691273,Peak,65794,Card,2.220509032
976,13.02605999,80.20391755,Non-Peak,51751,Card,1.923732535
977,13.01064895,80.19802656,Non-Peak,14566,Cash,1.84615711
978,13.03768608,80.19218279,Peak,40065,Card,1.762750206
979,13.04572433,80.18157489,Peak,42512,Card,2.59970328
980,13.03690851,80.17247099,Non-Peak,8582,Card,2.179526656
981,13.01756298,80.19926753,Peak,53743,Card,1.505777751
982,13.02199798,80.19403437,Non-Peak,1756,Cash,0.824576428
983,13.03442614,80.17366694,Non-Peak,29143,Cash,1.89370126
984,13.02596362,80.19160963,Peak,59632,Cash,0.655539649
985,13.03886984,80.19667011,Peak,84639,Card,2.096990116
986,13.03550117,80.1880633,Non-Peak,23491,Card,1.418117836
987,13.04431875,80.17318438,Non-Peak,58414,Card,2.789235535
988,13.01416829,80.19503757,Non-Peak,14487,Cash,1.339031644
989,13.01785345,80.19043012,Non-Peak,21096,Cash,0.701572033
990,13.03350448,80.1892467,Peak,23041,Card,1.222970028
991,13.03264054,80.19387916,Non-Peak,49302,Cash,1.352982648
992,13.02598007,80.20032201,Peak,15157,Card,1.540512485
993,13.02320011,80.20114959,Non-Peak,24527,Card,1.590753822
994,13.02582936,80.20300824,Non-Peak,1490,Cash,1.82214864
995,13.04524626,80.17865671,Non-Peak,83886,Cash,2.631837338
996,13.03415892,80.17869994,Peak,28745,Cash,1.514458709
997,13.02217787,80.17333741,Non-Peak,33099,Card,1.425858323
998,13.03165493,80.1944385,Non-Peak,11117,Card,1.305619146
999,13.03585497,80.18726891,Non-Peak,63704,Card,1.449551702
1000,13.04561619,80.17190812,Non-Peak,66982,Card,2.984575037
1001,13.04172538,80.17583487,Non-Peak,54732,Card,2.395825832
