"Price","Mileage","Make","Model","Trim","Type","Cylinder","Liter","Doors","Cruise","Sound","Leather"
29275.20871,21056,"Cadillac","CTS","Sedan 4D","Sedan",6,2.8,4,1,1,1
29321.08251,21545,"SAAB","9_5 HO","Aero Wagon 4D","Wagon",4,2.3,4,1,0,1
29481.52876,21822,"SAAB","9_5 HO","Aero Wagon 4D","Wagon",4,2.3,4,1,1,1
29595.79429,16193,"Pontiac","GTO","Coupe 2D","Coupe",8,5.7,2,1,0,1
29612.15405,32477,"SAAB","9_3 HO","Aero Conv 2D","Convertible",4,2,2,1,1,1
29664.70269,21418,"Pontiac","GTO","Coupe 2D","Coupe",8,5.7,2,1,0,1
29844.204,23143,"SAAB","9_5","Arc Sedan 4D","Sedan",4,2.3,4,1,1,1
29908.18098,19830,"SAAB","9_5 HO","Aero Wagon 4D","Wagon",4,2.3,4,1,1,1
29914.37958,22105,"SAAB","9_5","Arc Wagon 4D","Wagon",4,2.3,4,1,0,1
29961.25494,20015,"SAAB","9_5","Arc Wagon 4D","Wagon",4,2.3,4,1,1,1
29986.7915,18464,"SAAB","9_5 HO","Aero Wagon 4D","Wagon",4,2.3,4,1,0,1
30075.99473,22052,"SAAB","9_5","Arc Sedan 4D","Sedan",4,2.3,4,1,1,1
30122.42974,14568,"SAAB","9_3 HO","Arc Sedan 4D","Sedan",4,2,4,1,1,1
30166.85251,25049,"SAAB","9_3 HO","Aero Conv 2D","Convertible",4,2,2,1,0,0
30251.01842,27558,"SAAB","9_3 HO","Aero Conv 2D","Convertible",4,2,2,1,0,1
30271.9223,23426,"SAAB","9_5","Arc Wagon 4D","Wagon",4,2.3,4,1,1,1
30274.71058,10800,"SAAB","9_3 HO","Arc Sedan 4D","Sedan",4,2,4,1,1,0
30315.16944,23635,"SAAB","9_3 HO","Aero Conv 2D","Convertible",4,2,2,1,0,0
30322.15057,16225,"SAAB","9_5","Linear Wagon 4D","Wagon",4,2.3,4,1,1,1
30353.58555,11273,"SAAB","9_3 HO","Arc Sedan 4D","Sedan",4,2,4,1,1,0
30392.75016,18449,"Cadillac","CTS","Sedan 4D","Sedan",6,2.8,4,1,1,1
30443.8799,15050,"SAAB","9_5","Linear Wagon 4D","Wagon",4,2.3,4,1,0,1
30575.24882,22298,"SAAB","9_5","Arc Wagon 4D","Wagon",4,2.3,4,1,1,1
30646.4377,17094,"Cadillac","CTS","Sedan 4D","Sedan",6,2.8,4,1,1,1
30661.26015,14278,"SAAB","9_5","Linear Wagon 4D","Wagon",4,2.3,4,1,0,1
30731.94165,22479,"SAAB","9_3 HO","Aero Conv 2D","Convertible",4,2,2,1,0,0
30781.51563,14937,"Cadillac","CTS","Sedan 4D","Sedan",6,2.8,4,1,1,1
30792.14903,17870,"Cadillac","CTS","Sedan 4D","Sedan",6,2.8,4,1,1,1
30800.65839,8017,"SAAB","9_5 HO","Aero Sedan 4D","Sedan",4,2.3,4,1,0,1
30957.08075,10625,"Cadillac","CTS","Sedan 4D","Sedan",6,2.8,4,1,1,1
30959.93213,17673,"SAAB","9_5 HO","Aero Wagon 4D","Wagon",4,2.3,4,1,1,1
31002.73442,15087,"SAAB","9_5","Arc Sedan 4D","Sedan",4,2.3,4,1,1,1
31024.87211,13678,"Pontiac","GTO","Coupe 2D","Coupe",8,5.7,2,1,1,1
31059.18103,27544,"Cadillac","Deville","Sedan 4D","Sedan",8,4.6,4,1,1,1
31084.93761,18187,"SAAB","9_5","Linear Wagon 4D","Wagon",4,2.3,4,1,1,1
31132.21349,23124,"Cadillac","Deville","Sedan 4D","Sedan",8,4.6,4,1,1,1
31153.00896,17317,"SAAB","9_5","Linear Wagon 4D","Wagon",4,2.3,4,1,0,1
31156.59579,18805,"SAAB","9_5","Linear Wagon 4D","Wagon",4,2.3,4,1,1,1
31181.71516,26222,"Cadillac","Deville","Sedan 4D","Sedan",8,4.6,4,1,0,1
31186.74146,34191,"Chevrolet","Corvette","Coupe 2D","Coupe",8,6,2,1,0,1
31431.13037,11013,"Cadillac","CTS","Sedan 4D","Sedan",6,2.8,4,1,1,1
31554.40533,20103,"SAAB","9_5","Arc Wagon 4D","Wagon",4,2.3,4,1,1,1
31849.30795,16956,"SAAB","9_5","Arc Wagon 4D","Wagon",4,2.3,4,1,0,1
31969.06981,24559,"SAAB","9_3","Linear Conv 2D","Convertible",4,2,2,1,0,0
31970.54208,21208,"SAAB","9_3","Linear Conv 2D","Convertible",4,2,2,1,1,0
32038.33956,35326,"Cadillac","STS-V6","Sedan 4D","Sedan",6,3.6,4,1,1,1
32053.09716,5144,"SAAB","9_3 HO","Arc Sedan 4D","Sedan",4,2,4,1,1,0
32075.98487,23553,"SAAB","9_3","Linear Conv 2D","Convertible",4,2,2,1,1,0
32197.34047,3867,"SAAB","9_3 HO","Arc Sedan 4D","Sedan",4,2,4,1,1,0
32219.58928,10915,"Pontiac","GTO","Coupe 2D","Coupe",8,5.7,2,1,1,1
32422.76138,9185,"Pontiac","GTO","Coupe 2D","Coupe",8,5.7,2,1,1,1
32501.24519,17508,"Cadillac","Deville","Sedan 4D","Sedan",8,4.6,4,1,0,1
32509.47829,20910,"Cadillac","Deville","Sedan 4D","Sedan",8,4.6,4,1,0,1
32537.18675,41829,"Cadillac","Deville","DTS Sedan 4D","Sedan",8,4.6,4,1,1,1
32649.76051,16975,"SAAB","9_5","Arc Wagon 4D","Wagon",4,2.3,4,1,1,1
32737.08455,19112,"SAAB","9_3","Linear Conv 2D","Convertible",4,2,2,1,1,1
32746.13139,7924,"SAAB","9_5","Arc Sedan 4D","Sedan",4,2.3,4,1,0,1
32954.14134,36074,"Cadillac","Deville","DTS Sedan 4D","Sedan",8,4.6,4,1,0,1
33005.77996,6409,"SAAB","9_5","Linear Wagon 4D","Wagon",4,2.3,4,1,1,1
33183.3326,9795,"SAAB","9_5","Arc Sedan 4D","Sedan",4,2.3,4,1,1,1
33220.02845,18661,"Cadillac","Deville","Sedan 4D","Sedan",8,4.6,4,1,0,1
33248.34252,27051,"SAAB","9_3 HO","Arc Conv 2D","Convertible",4,2,2,1,0,1
33287.4096,21661,"SAAB","9_3","Linear Conv 2D","Convertible",4,2,2,1,0,1
33358.76777,17590,"SAAB","9_3 HO","Aero Conv 2D","Convertible",4,2,2,1,1,1
33381.81915,17381,"SAAB","9_3 HO","Aero Conv 2D","Convertible",4,2,2,1,1,1
33417.96501,6598,"Cadillac","CTS","Sedan 4D","Sedan",6,2.8,4,1,1,1
33540.53611,20925,"SAAB","9_3","Linear Conv 2D","Convertible",4,2,2,1,0,1
33586.90609,18930,"SAAB","9_3 HO","Aero Conv 2D","Convertible",4,2,2,1,0,1
33984.43077,25420,"SAAB","9_3 HO","Arc Conv 2D","Convertible",4,2,2,1,0,0
34297.30535,24259,"Chevrolet","Corvette","Coupe 2D","Coupe",8,6,2,1,0,1
34355.00373,17711,"SAAB","9_3","Linear Conv 2D","Convertible",4,2,2,1,1,0
34392.99527,24031,"SAAB","9_3 HO","Arc Conv 2D","Convertible",4,2,2,1,0,1
34685.66298,25421,"Cadillac","Deville","DHS Sedan 4D","Sedan",8,4.6,4,1,0,1
34739.21496,25747,"Chevrolet","Corvette","Coupe 2D","Coupe",8,6,2,1,0,1
34819.29712,12251,"SAAB","9_3","Linear Conv 2D","Convertible",4,2,2,1,0,0
34974.37804,25796,"Cadillac","STS-V6","Sedan 4D","Sedan",6,3.6,4,1,1,1
35033.21545,1676,"SAAB","9_5","Arc Sedan 4D","Sedan",4,2.3,4,1,1,1
35129.34077,11975,"Cadillac","Deville","Sedan 4D","Sedan",8,4.6,4,1,1,1
35165.75937,13449,"Cadillac","Deville","Sedan 4D","Sedan",8,4.6,4,1,1,1
35261.43643,21350,"Chevrolet","Corvette","Coupe 2D","Coupe",8,6,2,1,1,1
35304.4947,21293,"SAAB","9_3 HO","Arc Conv 2D","Convertible",4,2,2,1,0,1
35338.65369,25163,"Cadillac","Deville","DHS Sedan 4D","Sedan",8,4.6,4,1,0,1
35575.41705,22740,"Chevrolet","Corvette","Coupe 2D","Coupe",8,6,2,1,0,1
35580.33231,21167,"SAAB","9_3 HO","Arc Conv 2D","Convertible",4,2,2,1,1,0
35622.1395,10340,"SAAB","9_3","Linear Conv 2D","Convertible",4,2,2,1,1,0
35651.68002,10555,"Cadillac","Deville","Sedan 4D","Sedan",8,4.6,4,1,1,1
35715.76856,6447,"Cadillac","Deville","Sedan 4D","Sedan",8,4.6,4,1,0,1
35866.58271,24415,"Cadillac","Deville","DHS Sedan 4D","Sedan",8,4.6,4,1,1,1
35895.49941,23056,"Cadillac","STS-V6","Sedan 4D","Sedan",6,3.6,4,1,1,1
36077.79612,21966,"Cadillac","Deville","DHS Sedan 4D","Sedan",8,4.6,4,1,0,1
36154.30355,25339,"Cadillac","Deville","DHS Sedan 4D","Sedan",8,4.6,4,1,1,1
36210.123,21778,"Cadillac","STS-V6","Sedan 4D","Sedan",6,3.6,4,1,0,1
36245.15823,26250,"Cadillac","Deville","DTS Sedan 4D","Sedan",8,4.6,4,1,1,1
36332.89469,25153,"Cadillac","Deville","DTS Sedan 4D","Sedan",8,4.6,4,1,0,1
36338.75133,18195,"SAAB","9_3 HO","Arc Conv 2D","Convertible",4,2,2,1,1,0
36633.63382,22042,"Cadillac","STS-V6","Sedan 4D","Sedan",6,3.6,4,1,1,1
36970.89805,30502,"Chevrolet","Corvette","Conv 2D","Convertible",8,6,2,1,1,1
37088.56241,3828,"SAAB","9_3 HO","Aero Conv 2D","Convertible",4,2,2,1,1,1
37192.89637,19100,"Cadillac","STS-V6","Sedan 4D","Sedan",6,3.6,4,1,0,1
37215.16938,22211,"Cadillac","Deville","DTS Sedan 4D","Sedan",8,4.6,4,1,0,1
37288.93674,32039,"Chevrolet","Corvette","Conv 2D","Convertible",8,6,2,1,1,1
37383.50349,16088,"SAAB","9_3 HO","Arc Conv 2D","Convertible",4,2,2,1,0,1
37510.25357,21593,"Cadillac","Deville","DTS Sedan 4D","Sedan",8,4.6,4,1,0,1
38167.17358,13162,"SAAB","9_3 HO","Arc Conv 2D","Convertible",4,2,2,1,0,1
38208.50102,31303,"Cadillac","STS-V8","Sedan 4D","Sedan",8,4.6,4,1,1,1
38297.46254,16754,"Cadillac","STS-V6","Sedan 4D","Sedan",6,3.6,4,1,0,1
38324.80908,12090,"SAAB","9_3 HO","Arc Conv 2D","Convertible",4,2,2,1,1,1
38445.89717,18661,"Cadillac","Deville","DHS Sedan 4D","Sedan",8,4.6,4,1,0,1
38600.23956,17138,"Cadillac","Deville","DHS Sedan 4D","Sedan",8,4.6,4,1,0,1
38795.37909,13973,"Cadillac","STS-V6","Sedan 4D","Sedan",6,3.6,4,1,1,1
38824.86909,25960,"Chevrolet","Corvette","Conv 2D","Convertible",8,6,2,1,0,1
38990.60733,9410,"Chevrolet","Corvette","Coupe 2D","Coupe",8,6,2,1,1,1
39072.39205,31587,"Cadillac","STS-V8","Sedan 4D","Sedan",8,4.6,4,1,0,1
39092.18992,10717,"Chevrolet","Corvette","Coupe 2D","Coupe",8,6,2,1,1,1
39307.00916,16041,"Cadillac","Deville","DHS Sedan 4D","Sedan",8,4.6,4,1,0,1
39365.88324,11619,"Chevrolet","Corvette","Coupe 2D","Coupe",8,6,2,1,1,1
39547.5879,23826,"Chevrolet","Corvette","Conv 2D","Convertible",8,6,2,1,1,1
39691.7274,25169,"Chevrolet","Corvette","Conv 2D","Convertible",8,6,2,1,1,1
39713.66792,8967,"Chevrolet","Corvette","Coupe 2D","Coupe",8,6,2,1,1,1
39801.55135,14095,"Cadillac","Deville","DHS Sedan 4D","Sedan",8,4.6,4,1,0,1
39875.85426,7054,"Chevrolet","Corvette","Coupe 2D","Coupe",8,6,2,1,0,1
40335.73731,14743,"Cadillac","Deville","DHS Sedan 4D","Sedan",8,4.6,4,1,0,1
40619.07227,30082,"Cadillac","CST-V","Sedan 4D","Sedan",8,5.7,4,1,1,1
40856.3909,12791,"Cadillac","Deville","DTS Sedan 4D","Sedan",8,4.6,4,1,1,1
40966.60741,7476,"Cadillac","STS-V6","Sedan 4D","Sedan",6,3.6,4,1,1,1
41053.48217,25717,"Cadillac","STS-V8","Sedan 4D","Sedan",8,4.6,4,1,1,1
41371.37927,20000,"Chevrolet","Corvette","Conv 2D","Convertible",8,6,2,1,0,1
41378.04809,8125,"Cadillac","Deville","DTS Sedan 4D","Sedan",8,4.6,4,1,0,1
41419.03726,14452,"Cadillac","Deville","DTS Sedan 4D","Sedan",8,4.6,4,1,0,1
41516.42986,23861,"Cadillac","STS-V8","Sedan 4D","Sedan",8,4.6,4,1,1,1
41671.58314,20575,"Cadillac","STS-V8","Sedan 4D","Sedan",8,4.6,4,1,0,1
42377.95544,18581,"Cadillac","STS-V8","Sedan 4D","Sedan",8,4.6,4,1,0,1
42677.60112,24052,"Cadillac","CST-V","Sedan 4D","Sedan",8,5.7,4,1,0,1
42741.52367,2846,"Cadillac","STS-V6","Sedan 4D","Sedan",6,3.6,4,1,0,1
42773.02839,14546,"Chevrolet","Corvette","Conv 2D","Convertible",8,6,2,1,1,1
42820.32902,5499,"Cadillac","Deville","DTS Sedan 4D","Sedan",8,4.6,4,1,0,1
43374.05242,25199,"Cadillac","CST-V","Sedan 4D","Sedan",8,5.7,4,1,1,1
43892.46788,23371,"Cadillac","CST-V","Sedan 4D","Sedan",8,5.7,4,1,0,1
44084.91421,21367,"Cadillac","CST-V","Sedan 4D","Sedan",8,5.7,4,1,1,1
44130.61706,21341,"Cadillac","CST-V","Sedan 4D","Sedan",8,5.7,4,1,0,1
44205.87588,15104,"Cadillac","STS-V8","Sedan 4D","Sedan",8,4.6,4,1,0,1
44300.63996,23751,"Cadillac","CST-V","Sedan 4D","Sedan",8,5.7,4,1,0,1
44749.68679,12115,"Chevrolet","Corvette","Conv 2D","Convertible",8,6,2,1,0,1
45061.95194,13829,"Cadillac","STS-V8","Sedan 4D","Sedan",8,4.6,4,1,1,1
46732.60603,3625,"Chevrolet","Corvette","Conv 2D","Convertible",8,6,2,1,1,1
46747.67327,15343,"Cadillac","CST-V","Sedan 4D","Sedan",8,5.7,4,1,1,1
47065.20991,5239,"Chevrolet","Corvette","Conv 2D","Convertible",8,6,2,1,1,1
48310.32954,788,"Cadillac","STS-V8","Sedan 4D","Sedan",8,4.6,4,1,0,1
48365.9809,2616,"Cadillac","STS-V8","Sedan 4D","Sedan",8,4.6,4,1,1,1
49248.15897,6685,"Cadillac","CST-V","Sedan 4D","Sedan",8,5.7,4,1,0,1
51154.04722,2202,"Cadillac","CST-V","Sedan 4D","Sedan",8,5.7,4,1,1,1
52001.99438,42691,"Cadillac","XLR-V8","Hardtop Conv 2D","Convertible",8,4.6,2,1,1,1
55639.08765,31805,"Cadillac","XLR-V8","Hardtop Conv 2D","Convertible",8,4.6,2,1,0,1
57154.44344,29260,"Cadillac","XLR-V8","Hardtop Conv 2D","Convertible",8,4.6,2,1,1,1
60567.54909,23193,"Cadillac","XLR-V8","Hardtop Conv 2D","Convertible",8,4.6,2,1,1,1
63913.11725,18200,"Cadillac","XLR-V8","Hardtop Conv 2D","Convertible",8,4.6,2,1,1,1
65281.48124,15600,"Cadillac","XLR-V8","Hardtop Conv 2D","Convertible",8,4.6,2,1,1,1
66374.30704,12021,"Cadillac","XLR-V8","Hardtop Conv 2D","Convertible",8,4.6,2,1,1,1
68566.18719,6420,"Cadillac","XLR-V8","Hardtop Conv 2D","Convertible",8,4.6,2,1,1,1
69133.73172,7892,"Cadillac","XLR-V8","Hardtop Conv 2D","Convertible",8,4.6,2,1,1,1
70755.46672,583,"Cadillac","XLR-V8","Hardtop Conv 2D","Convertible",8,4.6,2,1,1,1
